<?xml version="1.0"?><!DOCTYPE Configure PUBLIC "-//Jetty//Configure//EN" "http://www.eclipse.org/jetty/configure_9_3.dtd">

<!-- ============================================================= -->
<!-- SSL ContextFactory configuration                              -->
<!-- ============================================================= -->

<!-- 
  To configure Includes / Excludes for Cipher Suites or Protocols see tweak-ssl.xml example at 
     https://www.eclipse.org/jetty/documentation/current/configuring-ssl.html#configuring-sslcontextfactory-cipherSuites
-->

<Configure id="sslContextFactory" class="org.eclipse.jetty.util.ssl.SslContextFactory$Server">
  <Set name="Provider"><Property name="jetty.sslContext.provider"/></Set>
  <Set name="KeyStorePath">
    <Property name="jetty.sslContext.keyStoreAbsolutePath">
      <Default>
        <Property name="jetty.base" default="." />/<Property name="jetty.sslContext.keyStorePath" deprecated="jetty.keystore" default="etc/keystore"/>
      </Default>
    </Property>
  </Set>
  <Set name="KeyStorePassword"><Property name="jetty.sslContext.keyStorePassword" deprecated="jetty.keystore.password" default="OBF:1vny1zlo1x8e1vnw1vn61x8g1zlu1vn4"/></Set>
  <Set name="KeyStoreType"><Property name="jetty.sslContext.keyStoreType" default="JKS"/></Set>
  <Set name="KeyStoreProvider"><Property name="jetty.sslContext.keyStoreProvider"/></Set>
  <Set name="KeyManagerPassword"><Property name="jetty.sslContext.keyManagerPassword" deprecated="jetty.keymanager.password" default="OBF:1u2u1wml1z7s1z7a1wnl1u2g"/></Set>
  <Set name="TrustStorePath">
    <Property name="jetty.sslContext.trustStoreAbsolutePath">
      <Default>
        <Property name="jetty.base" default="." />/<Property name="jetty.sslContext.trustStorePath" deprecated="jetty.truststore" default="etc/keystore"/>
      </Default>
    </Property>
  </Set>
  <Set name="TrustStorePassword"><Property name="jetty.sslContext.trustStorePassword" deprecated="jetty.truststore.password"/></Set>
  <Set name="TrustStoreType"><Property name="jetty.sslContext.trustStoreType"/></Set>
  <Set name="TrustStoreProvider"><Property name="jetty.sslContext.trustStoreProvider"/></Set>
  <Set name="EndpointIdentificationAlgorithm"><Property name="jetty.sslContext.endpointIdentificationAlgorithm"/></Set>
  <Set name="NeedClientAuth"><Property name="jetty.sslContext.needClientAuth" deprecated="jetty.ssl.needClientAuth" default="false"/></Set>
  <Set name="WantClientAuth"><Property name="jetty.sslContext.wantClientAuth" deprecated="jetty.ssl.wantClientAuth" default="false"/></Set>
  <Set name="useCipherSuitesOrder"><Property name="jetty.sslContext.useCipherSuitesOrder" default="true"/></Set>
  <Set name="sslSessionCacheSize"><Property name="jetty.sslContext.sslSessionCacheSize" default="-1"/></Set>
  <Set name="sslSessionTimeout"><Property name="jetty.sslContext.sslSessionTimeout" default="-1"/></Set>
  <Set name="RenegotiationAllowed"><Property name="jetty.sslContext.renegotiationAllowed" default="true"/></Set>
  <Set name="RenegotiationLimit"><Property name="jetty.sslContext.renegotiationLimit" default="5"/></Set>
  <Set name="SniRequired"><Property name="jetty.sslContext.sniRequired" default="false"/></Set>
 
  <!-- Example of how to configure a PKIX Certificate Path revocation Checker
  <Call id="pkixPreferCrls" class="java.security.cert.PKIXRevocationChecker$Option" name="valueOf"><Arg>PREFER_CRLS</Arg></Call>
  <Call id="pkixSoftFail" class="java.security.cert.PKIXRevocationChecker$Option" name="valueOf"><Arg>SOFT_FAIL</Arg></Call>
  <Call id="pkixNoFallback" class="java.security.cert.PKIXRevocationChecker$Option" name="valueOf"><Arg>NO_FALLBACK</Arg></Call>
  <Call class="java.security.cert.CertPathBuilder" name="getInstance">
    <Arg>PKIX</Arg>
    <Call id="pkixRevocationChecker" name="getRevocationChecker">
      <Call name="setOptions">
        <Arg>
          <Call class="java.util.EnumSet" name="of">
            <Arg><Ref refid="pkixPreferCrls"/></Arg>
            <Arg><Ref refid="pkixSoftFail"/></Arg>
            <Arg><Ref refid="pkixNoFallback"/></Arg>
          </Call>
        </Arg>
      </Call>
    </Call>
  </Call>
  <Set name="PkixCertPathChecker"><Ref refid="pkixRevocationChecker"/></Set>
  -->
  
</Configure>
